"測量日期","時區","體重(kg)","體脂肪(%)","體脂肪量(kg)","內臟脂肪程度","基礎代謝(kcal)","骨骼肌(%)","骨骼肌重量(kg)","骨骼肌率（雙臂）(%)","骨骼肌率（身軀）(%)","骨骼肌率（雙腳）(%)","皮下脂肪率(%)","皮下脂肪率（雙臂）(%)","皮下脂肪率（身軀）(%)","皮下脂肪率（雙腳）(%)","BMI","身體年齡(歲)","型號"
"2026/06/20 07:06","Asia/Taipei","113.60","34.5","39.2","23.0","2221","28.0","31.8","33.2","18.9","45.4","24.9","32.3","23.5","33.1","35.3","67","HBF-702T"
"2026/06/22 06:45","Asia/Taipei","112.80","34.8","39.3","23.0","2205","27.8","31.4","33.1","18.7","45.3","25.1","33.0","23.6","33.8","35.0","67","HBF-702T"
"2026/06/23 08:33","Asia/Taipei","112.40","34.6","38.9","23.0","2201","27.9","31.4","33.1","18.8","45.4","24.9","32.7","23.4","33.5","34.9","66","HBF-702T"
"2026/06/24 07:42","Asia/Taipei","112.00","35.0","39.2","22.5","2190","27.6","30.9","33.0","18.4","45.0","25.2","33.6","23.7","34.4","34.8","67","HBF-702T"
"2026/06/25 06:14","Asia/Taipei","112.20","34.6","38.8","22.5","2198","27.9","31.3","33.1","18.8","45.4","24.9","32.8","23.4","33.6","34.8","66","HBF-702T"
"2026/06/26 06:17","Asia/Taipei","111.80","35.2","39.4","22.5","2185","27.5","30.7","33.0","18.3","45.0","25.2","33.8","23.7","34.6","34.7","67","HBF-702T"
"2026/06/27 07:55","Asia/Taipei","111.80","34.5","38.6","22.5","2192","27.9","31.2","33.2","18.8","45.4","24.8","32.7","23.4","33.5","34.7","66","HBF-702T"
"2026/06/28 07:41","Asia/Taipei","111.80","34.3","38.3","22.5","2194","28.1","31.4","33.2","19.0","45.5","24.7","32.3","23.2","33.1","34.7","66","HBF-702T"
"2026/06/29 08:05","Asia/Taipei","111.60","35.0","39.1","22.5","2184","27.7","30.9","33.1","18.5","45.1","25.1","33.5","23.6","34.3","34.6","66","HBF-702T"
"2026/06/30 06:17","Asia/Taipei","111.20","34.8","38.7","22.0","2180","27.7","30.8","33.3","18.6","45.2","25.0","33.3","23.5","34.1","34.5","66","HBF-702T"
"2026/07/01 07:01","Asia/Taipei","111.20","34.4","38.3","22.0","2184","28.0","31.1","33.3","18.9","45.4","24.7","32.6","23.2","33.4","34.5","66","HBF-702T"
"2026/07/02 06:59","Asia/Taipei","111.40","34.4","38.3","22.5","2186","27.9","31.1","33.3","18.8","45.4","24.8","32.6","23.3","33.4","34.6","66","HBF-702T"
"2026/07/03 07:17","Asia/Taipei","110.60","34.4","38.0","22.0","2174","27.9","30.9","33.2","18.9","45.4","24.7","32.7","23.2","33.4","34.3","66","HBF-702T"
"2026/07/04 07:31","Asia/Taipei","110.80","34.5","38.2","22.0","2177","27.9","30.9","33.2","18.8","45.3","24.8","32.7","23.2","33.5","34.4","66","HBF-702T"
"2026/07/05 09:07","Asia/Taipei","110.00","34.0","37.4","21.5","2169","28.2","31.0","33.4","19.2","45.6","24.4","32.1","22.9","32.8","34.1","65","HBF-702T"
"2026/07/06 08:06","Asia/Taipei","110.20","34.3","37.8","22.0","2169","28.0","30.9","33.4","18.9","45.4","24.6","32.5","23.1","33.3","34.2","65","HBF-702T"
"2026/07/07 07:26","Asia/Taipei","109.80","34.4","37.8","21.5","2162","27.9","30.6","33.3","18.9","45.4","24.6","32.8","23.1","33.5","34.1","65","HBF-702T"
"2026/07/08 07:05","Asia/Taipei","109.60","34.3","37.6","21.5","2159","27.9","30.6","33.3","18.9","45.4","24.6","32.7","23.1","33.5","34.0","65","HBF-702T"
"2026/07/09 06:38","Asia/Taipei","109.40","34.1","37.3","21.5","2159","28.1","30.7","33.5","19.1","45.5","24.5","32.4","22.9","33.1","34.0","65","HBF-702T"
"2026/07/10 08:34","Asia/Taipei","109.40","33.9","37.1","21.5","2160","28.2","30.9","33.5","19.2","45.7","24.3","32.0","22.8","32.8","34.0","65","HBF-702T"
"2026/07/11 08:38","Asia/Taipei","109.20","33.7","36.8","21.5","2160","28.3","30.9","33.4","19.4","45.8","24.2","31.6","22.7","32.4","33.9","65","HBF-702T"
"2026/07/12 07:34","Asia/Taipei","109.20","34.2","37.3","21.5","2154","28.0","30.6","33.4","19.0","45.5","24.5","32.5","23.0","33.3","33.9","65","HBF-702T"
"2026/07/13 08:22","Asia/Taipei","109.40","33.9","37.1","21.5","2160","28.2","30.9","33.6","19.2","45.6","24.4","32.1","22.8","32.8","34.0","65","HBF-702T"
"2026/07/14 07:33","Asia/Taipei","109.40","33.7","36.9","21.5","2162","28.3","31.0","33.5","19.4","45.8","24.2","31.7","22.7","32.4","34.0","65","HBF-702T"
"2026/07/15 07:51","Asia/Taipei","109.20","33.8","36.9","21.5","2159","28.3","30.9","33.5","19.3","45.7","24.2","31.8","22.7","32.6","33.9","65","HBF-702T"
"2026/07/16 07:00","Asia/Taipei","109.60","32.5","35.6","21.5","2178","29.1","31.9","33.6","20.3","46.5","23.5","29.5","22.1","30.3","34.0","64","HBF-702T"
"2026/07/17 07:18","Asia/Taipei","109.00","33.4","36.4","21.0","2159","28.5","31.1","33.6","19.6","45.9","24.0","31.2","22.5","31.9","33.8","64","HBF-702T"
"2026/07/18 07:15","Asia/Taipei","109.20","34.6","37.8","21.5","2151","27.8","30.4","33.4","18.7","45.3","24.7","33.2","23.2","33.9","33.9","65","HBF-702T"
"2026/07/19 09:09","Asia/Taipei","108.80","34.3","37.3","21.5","2148","28.0","30.5","33.4","19.0","45.5","24.5","32.7","23.0","33.5","33.8","65","HBF-702T"
"2026/07/20 08:45","Asia/Taipei","107.80","33.4","36.0","21.0","2140","28.4","30.6","33.6","19.5","45.9","24.0","31.5","22.4","32.2","33.5","64","HBF-702T"
"2026/07/21 07:10","Asia/Taipei","108.60","33.5","36.4","21.0","2151","28.3","30.7","33.5","19.4","45.8","24.1","31.5","22.5","32.2","33.7","64","HBF-702T"
"2026/07/22 07:25","Asia/Taipei","109.00","33.2","36.2","21.0","2162","28.7","31.3","33.7","19.8","46.1","23.8","30.8","22.4","31.5","33.8","64","HBF-702T"
"2026/07/23 08:27","Asia/Taipei","108.60","33.5","36.4","21.0","2151","28.3","30.7","33.5","19.4","45.8","24.1","31.5","22.6","32.2","33.7","64","HBF-702T"
"2026/07/24 07:46","Asia/Taipei","108.80","33.3","36.2","21.0","2157","28.6","31.1","33.6","19.7","46.0","24.0","31.1","22.5","31.9","33.8","64","HBF-702T"
"2026/07/25 08:26","Asia/Taipei","108.80","33.0","35.9","21.0","2160","28.8","31.3","33.7","19.9","46.2","23.8","30.6","22.3","31.4","33.8","64","HBF-702T"
"2026/07/26 08:19","Asia/Taipei","108.60","33.2","36.1","21.0","2154","28.5","31.0","33.6","19.7","46.0","23.9","31.0","22.4","31.7","33.7","64","HBF-702T"
"2026/07/27 07:34","Asia/Taipei","108.60","33.1","35.9","21.0","2155","28.6","31.1","33.5","19.8","46.0","23.8","30.8","22.3","31.5","33.7","64","HBF-702T"
"2026/07/28 07:44","Asia/Taipei","108.40","33.5","36.3","21.0","2148","28.4","30.8","33.6","19.5","45.8","24.1","31.6","22.5","32.3","33.6","64","HBF-702T"
"2026/07/29 07:17","Asia/Taipei","108.00","33.4","36.1","21.0","2142","28.4","30.7","33.6","19.5","45.8","24.0","31.5","22.5","32.2","33.5","64","HBF-702T"
"2026/07/30 07:27","Asia/Taipei","108.00","33.3","36.0","21.0","2144","28.5","30.8","33.6","19.6","45.9","23.9","31.2","22.4","32.0","33.5","64","HBF-702T"
"2026/07/31 06:34","Asia/Taipei","108.00","33.4","36.1","21.0","2143","28.4","30.7","33.6","19.5","45.9","24.0","31.4","22.4","32.1","33.5","64","HBF-702T"
"2026/08/01 06:20","Asia/Taipei","108.20","33.3","36.0","21.0","2148","28.6","30.9","33.6","19.7","46.0","23.9","31.1","22.4","31.8","33.6","64","HBF-702T"
"2026/08/02 07:34","Asia/Taipei","107.80","33.7","36.3","21.0","2137","28.3","30.5","33.6","19.3","45.7","24.1","31.9","22.6","32.7","33.5","64","HBF-702T"
"2026/08/03 07:22","Asia/Taipei","108.00","33.5","36.2","21.0","2142","28.4","30.7","33.6","19.5","45.8","24.0","31.5","22.5","32.2","33.5","64","HBF-702T"
"2026/08/04 07:52","Asia/Taipei","107.80","33.4","36.0","20.5","2140","28.5","30.7","33.8","19.5","45.9","23.9","31.5","22.4","32.2","33.5","64","HBF-702T"
"2026/08/05 07:57","Asia/Taipei","107.60","33.3","35.8","20.5","2137","28.4","30.6","33.6","19.6","45.9","23.9","31.4","22.4","32.1","33.4","64","HBF-702T"
"2026/08/06 06:29","Asia/Taipei","107.60","33.6","36.2","20.5","2134","28.3","30.5","33.7","19.4","45.7","24.1","31.8","22.5","32.5","33.4","64","HBF-702T"
"2026/08/07 07:24","Asia/Taipei","107.20","33.4","35.8","20.5","2130","28.4","30.4","33.6","19.5","45.8","23.9","31.6","22.4","32.3","33.3","64","HBF-702T"
"2026/08/08 07:32","Asia/Taipei","107.40","33.8","36.3","20.5","2129","28.2","30.3","33.6","19.2","45.6","24.2","32.2","22.6","32.9","33.3","64","HBF-702T"
"2026/08/09 07:06","Asia/Taipei","107.40","34.0","36.5","20.5","2128","28.1","30.2","33.6","19.1","45.5","24.3","32.5","22.7","33.2","33.3","64","HBF-702T"
"2026/08/10 07:30","Asia/Taipei","107.20","33.6","36.0","20.5","2128","28.3","30.3","33.6","19.4","45.7","24.0","31.9","22.5","32.6","33.3","64","HBF-702T"
"2026/08/11 08:21","Asia/Taipei","107.20","33.7","36.1","20.5","2127","28.2","30.2","33.6","19.3","45.7","24.1","32.1","22.5","32.8","33.3","64","HBF-702T"
"2026/08/12 06:18","Asia/Taipei","106.80","33.6","35.9","20.5","2122","28.3","30.2","33.7","19.3","45.7","24.0","32.0","22.5","32.7","33.1","64","HBF-702T"
"2026/08/13 06:49","Asia/Taipei","106.20","33.7","35.8","20.0","2111","28.2","29.9","33.7","19.3","45.6","24.1","32.2","22.5","32.9","33.0","64","HBF-702T"
"2026/08/14 07:19","Asia/Taipei","106.40","33.3","35.4","20.0","2119","28.4","30.2","33.7","19.6","45.9","23.8","31.4","22.2","32.1","33.0","64","HBF-702T"
"2026/08/15 07:03","Asia/Taipei","106.20","32.7","34.7","20.0","2121","28.8","30.6","34.0","20.0","46.2","23.4","30.5","21.9","31.2","33.0","63","HBF-702T"
"2026/08/16 08:18","Asia/Taipei","106.60","33.6","35.8","20.5","2120","28.3","30.2","33.8","19.4","45.8","24.0","31.9","22.4","32.6","33.1","64","HBF-702T"
"2026/08/17 08:29","Asia/Taipei","106.00","33.2","35.2","20.0","2114","28.5","30.2","34.0","19.7","45.9","23.7","31.3","22.1","32.0","32.9","63","HBF-702T"
"2026/08/18 07:15","Asia/Taipei","105.60","33.5","35.4","20.0","2105","28.4","30.0","33.8","19.5","45.8","23.9","31.9","22.3","32.6","32.8","63","HBF-702T"
"2026/08/19 07:41","Asia/Taipei","105.60","33.1","35.0","20.0","2108","28.5","30.1","33.8","19.7","46.0","23.7","31.4","22.1","32.0","32.8","63","HBF-702T"
